id,text,author
id26305,"This process, however, afforded me no means of ascertaining the dimensions of my dungeon; as I might make its circuit, and return to the point whence I set out, without being aware of the fact; so perfectly uniform seemed the wall.",EAP
id17569,It never once occurred to me that the fumbling might be a mere mistake.,HPL
id11008,"In his left hand was a gold snuff box, from which, as he capered down the hill, cutting all manner of fantastic steps, he took snuff incessantly with an air of the greatest possible self satisfaction.",EAP
id27763,"How lovely is spring As we looked from Windsor Terrace on the sixteen fertile counties spread beneath, speckled by happy cottages and wealthier towns, all looked as in former years, heart cheering and fair.",MWS
id12958,"Finding nothing else, not even gold, the Superintendent abandoned his attempts; but a perplexed look occasionally steals over his countenance as he sits thinking at his desk.",HPL
id22965,"A youth passed in solitude, my best years spent under your gentle and feminine fosterage, has so refined the groundwork of my character that I cannot overcome an intense distaste to the usual brutality exercised on board ship: I have never believed it to be necessary, and when I heard of a mariner equally noted for his kindliness of heart and the respect and obedience paid to him by his crew, I felt myself peculiarly fortunate in being able to secure his services.",MWS
id09674,"The astronomer, perhaps, at this point, took refuge in the suggestion of non luminosity; and here analogy was suddenly let fall.",EAP
id13515,The surcingle hung in ribands from my body.,EAP
id19322,"I knew that you could not say to yourself 'stereotomy' without being brought to think of atomies, and thus of the theories of Epicurus; and since, when we discussed this subject not very long ago, I mentioned to you how singularly, yet with how little notice, the vague guesses of that noble Greek had met with confirmation in the late nebular cosmogony, I felt that you could not avoid casting your eyes upward to the great nebula in Orion, and I certainly expected that you would do so.",EAP
id00912,"I confess that neither the structure of languages, nor the code of governments, nor the politics of various states possessed attractions for me.",MWS
id16737,"He shall find that I can feel my injuries; he shall learn to dread my revenge"" A few days after he arrived.",MWS
id16607,"Here we barricaded ourselves, and, for the present were secure.",EAP
id19764,Herbert West needed fresh bodies because his life work was the reanimation of the dead.,HPL
id18886,"The farm like grounds extended back very deeply up the hill, almost to Wheaton Street.",HPL
id17189,But a glance will show the fallacy of this idea.,EAP
id12799,"He had escaped me, and I must commence a destructive and almost endless journey across the mountainous ices of the ocean, amidst cold that few of the inhabitants could long endure and which I, the native of a genial and sunny climate, could not hope to survive.",MWS
id08441,"To these speeches they gave, of course, their own interpretation; fancying, no doubt, that at all events I should come into possession of vast quantities of ready money; and provided I paid them all I owed, and a trifle more, in consideration of their services, I dare say they cared very little what became of either my soul or my carcass.",EAP
id13117,"Her native sprightliness needed no undue excitement, and her placid heart reposed contented on my love, the well being of her children, and the beauty of surrounding nature.",MWS
id14862,"I even went so far as to speak of a slightly hectic cough with which, at one time, I had been troubled of a chronic rheumatism of a twinge of hereditary gout and, in conclusion, of the disagreeable and inconvenient, but hitherto carefully concealed, weakness of my eyes.",EAP
id20836,"His facial aspect, too, was remarkable for its maturity; for though he shared his mother's and grandfather's chinlessness, his firm and precociously shaped nose united with the expression of his large, dark, almost Latin eyes to give him an air of quasi adulthood and well nigh preternatural intelligence.",HPL
id11411,"Now the net work was not permanently fastened to the hoop, but attached by a series of running loops or nooses.",EAP
id08075,"It was not that the sounds were hideous, for they were not; but that they held vibrations suggesting nothing on this globe of earth, and that at certain intervals they assumed a symphonic quality which I could hardly conceive as produced by one player.",HPL
id18925,"On every hand was a wilderness of balconies, of verandas, of minarets, of shrines, and fantastically carved oriels.",EAP
id19925,"With how deep a spirit of wonder and perplexity was I wont to regard him from our remote pew in the gallery, as, with step solemn and slow, he ascended the pulpit This reverend man, with countenance so demurely benign, with robes so glossy and so clerically flowing, with wig so minutely powdered, so rigid and so vast, could this be he who, of late, with sour visage, and in snuffy habiliments, administered, ferule in hand, the Draconian laws of the academy?",EAP
id01704,These bizarre attempts at explanation were followed by others equally bizarre.,EAP
id10125,"For many prodigies and signs had taken place, and far and wide, over sea and land, the black wings of the Pestilence were spread abroad.",EAP
id02448,"All that as yet can fairly be said to be known is, that 'Pure gold can be made at will, and very readily from lead in connection with certain other substances, in kind and in proportions, unknown.' Speculation, of course, is busy as to the immediate and ultimate results of this discovery a discovery which few thinking persons will hesitate in referring to an increased interest in the matter of gold generally, by the late developments in California; and this reflection brings us inevitably to another the exceeding inopportuneness of Von Kempelen's analysis.",EAP
id23451,"I seemed to be upon the verge of comprehension without power to comprehend men, at times, find themselves upon the brink of remembrance without being able, in the end, to remember.",EAP
id27907,"Our compasses, depth gauges, and other delicate instruments were ruined; so that henceforth our only reckoning would be guesswork, based on our watches, the calendar, and our apparent drift as judged by any objects we might spy through the portholes or from the conning tower.",HPL
id08121,"This the young warriors took back with them to Sarnath as a symbol of conquest over the old gods and beings of Ib, and a sign of leadership in Mnar.",HPL
id15222,Meantime the whole Paradise of Arnheim bursts upon the view.,EAP
id00764,"I was rich and young, and had a guardian appointed for me; and all about me would act as if I were one of their great society, while I must keep the secret that I really was cut off from them for ever.",MWS
id00683,"We could make out little by the dim light, but they seemed to contain prophecies, detailed relations of events but lately passed; names, now well known, but of modern date; and often exclamations of exultation or woe, of victory or defeat, were traced on their thin scant pages.",MWS
id11733,Even now They talked in Their tombs.,HPL
id03205,"Sheehan especially did they ply with inquiries, yet without eliciting any information of value concerning Old Bugs.",HPL
id01948,"He cried aloud once, and a little later gave a gasp that was more terrible than a cry.",HPL
id22412,"The old tracks crossed River Street at grade, and at once veered off into a region increasingly rural and with less and less of Innsmouth's abhorrent fishy odour.",HPL
id05258,"His soul overflowed with ardent affections, and his friendship was of that devoted and wondrous nature that the world minded teach us to look for only in the imagination.",MWS
id00144,"After the first start, he replaced the tissue wrapping around the portrait, as if to shield it from the sordidness of the place.",HPL
id19576,"""The present peculiar condition of affairs at court, and especially of those intrigues in which D is known to be involved, would render the instant availability of the document its susceptibility of being produced at a moment's notice a point of nearly equal importance with its possession.""",EAP
id01577,"Wilbur's growth was indeed phenomenal, for within three months of his birth he had attained a size and muscular power not usually found in infants under a full year of age.",HPL
id01651,"Pausing, I succeeded with difficulty in raising it, whereupon there was revealed a black aperture, exhaling noxious fumes which caused my torch to sputter, and disclosing in the unsteady glare the top of a flight of stone steps.",HPL
id27080,"It was all mud an' water, an' the sky was dark, an' the rain was wipin' aout all tracks abaout as fast as could be; but beginnin' at the glen maouth, whar the trees had moved, they was still some o' them awful prints big as bar'ls like he seen Monday.""",HPL
id20751,"The visits of Merrival to Windsor, before frequent, had suddenly ceased.",MWS
id21136,"It is not to be supposed, however, that the great Underduk suffered this impertinence on the part of the little old man to pass off with impunity.",EAP
id10279,I need not tell you how sceptical I have hitherto been on the topic of the soul's immortality.,EAP
id12683,"I often compared myself to them, and finding that my chief superiority consisted in power, I soon persuaded myself that it was in power only that I was inferior to the chiefest potentates of the earth.",MWS
id19180,"And the children's children, and the newcomers' children, grew up.",HPL
id02236,"Dr. Johnson, as I beheld him, was a full, pursy Man, very ill drest, and of slovenly Aspect.",HPL
id11523,"Presently the murmur of water fell gently upon my ear and in a few moments afterward, as I turned with the road somewhat more abruptly than hitherto, I became aware that a building of some kind lay at the foot of a gentle declivity just before me.",EAP
id22530,Ellison was remarkable in the continuous profusion of good gifts lavished upon him by fortune.,EAP
id22197,"I still continued in the plane of the elipse, but made little progress to the eastward.",EAP
id24941,"It was useless to provide many things, for we should find abundant provision in every town.",MWS
id15218,"They fly quickly over the snow in their sledges; the motion is pleasant, and, in my opinion, far more agreeable than that of an English stagecoach.",MWS
id02164,"I pointed to the spot where he had disappeared, and we followed the track with boats; nets were cast, but in vain.",MWS
id17654,"I have indistinct recollections of a great storm some time after I reached the boat; at any rate, I know that I heard peals of thunder and other tones which Nature utters only in her wildest moods.",HPL
id20824,"There had seemed to be no one in the courtyard below, and I hoped there would be a chance to get away before the spreading of a general alarm.",HPL
id21164,"Mein Gott do you take me vor a shicken?"" ""No oh no"" I replied, much alarmed, ""you are no chicken certainly not.""",EAP
id08820,"Perpetual fear had jaundiced his complexion, and shrivelled his whole person.",MWS
id17407,The sun set; the atmosphere grew dim and the evening star no longer shone companionless.,MWS
id05166,"The rain ceased; the clouds sunk behind the horizon; it was now evening, and the sun descended swiftly the western sky.",MWS
id07779,"Nothing, however, occurred except some hill noises; and when the day came there were many who hoped that the new horror had gone as swiftly as it had come.",HPL
id14749,"The state rooms were sufficiently roomy, and each had two berths, one above the other.",EAP
id10634,"It was getting dark, and the ancient roofs and chimney pots outside looked very queer through the bull's eye window panes.",HPL
id03555,"They were marched to various parts of the southern counties, quartered in deserted villages, a part were sent back to their own island, while the season of winter so far revived our energy, that the passes of the country were defended, and any increase of numbers prohibited.",MWS
id26727,"We suffered no little from cold, and the dampness of the atmosphere was most unpleasant; but the ample space in the car enabled us to lie down, and by means of cloaks and a few blankets, we did sufficiently well.",EAP
id06312,"I dared, I conquered them all, till now I have sold myself to death, with the sole condition that thou shouldst follow me Fire, and war, and plague, unite for thy destruction O my Raymond, there is no safety for thee"" With an heavy heart I listened to the changes of her delirium; I made her a bed of cloaks; her violence decreased and a clammy dew stood on her brow as the paleness of death succeeded to the crimson of fever, I placed her on the cloaks.",MWS
id24464,"Again he seemed to be in the interior of a house an old house, apparently but the details and inhabitants were constantly changing, and he could never be certain of the faces or the furniture, or even of the room itself, since doors and windows seemed in just as great a state of flux as the more presumably mobile objects.",HPL
id18006,"This gentleman was clothed from head to foot in a richly embroidered black silk velvet pall, wrapped negligently around his form after the fashion of a Spanish cloak.",EAP
id04459,"The pigeons appeared distressed in the extreme, and struggled to escape; while the cat mewed piteously, and, with her tongue hanging out of her mouth, staggered to and fro in the car as if under the influence of poison.",EAP
id06749,"""And what about the window panes?"" ""They were all gone.",HPL
id11062,I panted I gasped for breath There could be no doubt of the design of my tormentors oh most unrelenting oh most demoniac of men I shrank from the glowing metal to the centre of the cell.,EAP
id01571,"With great difficulty I gained my feet, and looking dizzily around, was, at first, struck with the idea of our being among breakers; so terrific, beyond the wildest imagination, was the whirlpool of mountainous and foaming ocean within which we were engulfed.",EAP
id03152,The next morning I delivered my letters of introduction and paid a visit to some of the principal professors.,MWS
id06412,"Nor did Raymond make an end without drawing in vivid and glowing colours, the splendour of a kingdom, in opposition to the commercial spirit of republicanism.",MWS
id10155,"How this celebrated Magazine can sustain its evidently tremendous expenses, is more than we can understand.",EAP
id24823,"In a week or two it had visibly faded, and in the course of a few months it was hardly discernible with the naked eye.""",HPL
id06377,"The stranger learned about twenty words at the first lesson; most of them, indeed, were those which I had before understood, but I profited by the others.",MWS
id01222,"Each people looked on the coming struggle as that which would be to a great degree decisive; as, in case of victory, the next step would be the siege of Constantinople by the Greeks.",MWS
id10142,"""But could not the cavity be detected by sounding?""",EAP
id08521,"My lieutenant, for instance, is a man of wonderful courage and enterprise; he is madly desirous of glory, or rather, to word my phrase more characteristically, of advancement in his profession.",MWS
id13267,Within twenty four hours that machine near the table will generate waves acting on unrecognised sense organs that exist in us as atrophied or rudimentary vestiges.,HPL
id06001,"""Everybody got aout o' the idee o' dyin' excep' in canoe wars with the other islanders, or as sacrifices to the sea gods daown below, or from snake bite or plague or sharp gallopin' ailments or somethin' afore they cud take to the water but simply looked forrad to a kind o' change that wa'n't a bit horrible arter a while.",HPL
id22877,The lips were of the usual marble pallor.,EAP
id02647,"""That is absolutely needless,"" replied G .",EAP
id10154,"Ahead lay sparse grass and scrub blueberry bushes, and beyond them the naked rock of the crag and the thin peak of the dreaded grey cottage.",HPL
id22605,"To be near him, to be loved by him, to feel him again her own, was the limit of her desires.",MWS
id18034,"The sky was serene; and, as I was unable to rest, I resolved to visit the spot where my poor William had been murdered.",MWS
id27266,"I say ""thing"" be it observed for they tell me the Latin for it is rem.",EAP
id10676,"All that he said threw greatly into the shade Cornelius Agrippa, Albertus Magnus, and Paracelsus, the lords of my imagination; but by some fatality the overthrow of these men disinclined me to pursue my accustomed studies.",MWS
id03833,"The ex queen gives me Idris; Adrian is totally unfitted to succeed to the earldom, and that earldom in my hands becomes a kingdom.",MWS
id16135,"The pupils, too, upon any accession or diminution of light, underwent contraction or dilation, just such as is observed in the feline tribe.",EAP
id19878,"""Keep up the largest branch the one on this side,"" said Legrand.",EAP
id25019,"And quivering awhile among the draperies of the room, it at length rested in full view upon the surface of the door of brass.",EAP
id18067,"Maternal affection had not rendered Idris selfish; at the beginning of our calamity she had, with thoughtless enthusiasm, devoted herself to the care of the sick and helpless.",MWS
id23088,"He came like a protecting spirit to the poor girl, who committed herself to his care; and after the interment of his friend he conducted her to Geneva and placed her under the protection of a relation.",MWS
id06172,"I had expected some extravagant proposition, and remained silent awhile, collecting my thoughts that I might the better combat her fanciful scheme.",MWS
id08466,"Matters had now assumed a really serious aspect, and I resolved to call at once upon my particular friend, Mr. Theodore Sinivate; for I knew that here at least I should get something like definite information.",EAP
id02547,"The system had its disadvantages, and even its dangers.",EAP
id04451,"Everyone seemed inclined to be silent now, as though holding a secret fear.",HPL
id04853,"They still appeared in public together, and lived under the same roof.",MWS
id21482,"""But, my dear fellow, you are joking then,"" said I, ""this is a very passable skull indeed, I may say that it is a very excellent skull, according to the vulgar notions about such specimens of physiology and your scarabí_us must be the queerest scarabí_us in the world if it resembles it.",EAP
id03072,"I vaow afur Gawd, I dun't know what he wants nor what he's a tryin' to dew.""",HPL
id08617,"He began to answer with violence: ""Yes, yes, I hate you You are my bane, my poison, my disgust Oh No"" And then his manner changed, and fixing his eyes on me with an expression that convulsed every nerve and member of my frame ""you are none of all these; you are my light, my only one, my life.",MWS
id04159,"I shivered as I wondered why I did not reach the light, and would have looked down had I dared.",HPL
id18740,"The slow ravages of disease are not pleasant to watch, but in my case there was something subtler and more puzzling in the background.",HPL
id11321,"As the Comte and his associates turned away from the lowly abode of the alchemists, the form of Charles Le Sorcier appeared through the trees.",HPL
id06564,"As I have said, it happened when we were in the medical school, where West had already made himself notorious through his wild theories on the nature of death and the possibility of overcoming it artificially.",HPL
id01004,"Besides, Perdita was with him in his retirement; she saw the moodiness that succeeded to this forced hilarity; she marked his disturbed sleep, his painful irritability once she had seen his tears hers had scarce ceased to flow, since she had beheld the big drops which disappointed pride had caused to gather in his eye, but which pride was unable to dispel.",MWS
id09114,"I packed up my chemical instruments and the materials I had collected, resolving to finish my labours in some obscure nook in the northern highlands of Scotland.",MWS
id27670,The ideas of my friend may be summed up in a few words.,EAP
id15648,A definite point among the stars had a claim on him and was calling him.,HPL
id27679,I believe I shall be forced to call them both out.,EAP
id14878,"God knows what that world can have been, or where he ever glimpsed the blasphemous shapes that loped and trotted and crawled through it; but whatever the baffling source of his images, one thing was plain.",HPL
id15083,"Yet all these appearances have been given I beg pardon will be given by the learned of future ages, to the Ashimah of the Syrians.",EAP
id24979,My skin was embrowned by the sun; my step was firm with conscious power.,MWS
id20087,"It was in these slums along Main Street that I would find the old Georgian churches, but they were all long abandoned.",HPL
id06500,"""I believe, sir, you have forgotten to pay for your brandy and water.""",EAP
id21174,"I started forward and exclaimed, ""Villain Before you sign my death warrant, be sure that you are yourself safe.""",MWS
id23958,"Only his eyes stayed whole, and they glared with a propulsive, dilated incandescence which grew as the face around them charred and dwindled.",HPL
id13881,"He determined to extract and condense all of glory, power, and achievement, which might have resulted from a long reign, into the three years of his Protectorate.",MWS
id01306,There was no advertisement of the picking up of this boat.,EAP
id15580,"Baffled, the excavators sought a conference with the Superintendent, who ordered great lengths of rope to be taken to the pit, and spliced and lowered without cessation till a bottom might be discovered.",HPL
id07787,"They had received orders that if I were again taken, I should be brought to the Earl; and his lenity made them expect a conclusion which they considered ill befitting my crime.",MWS
id13315,Then the lean Nith remarked that no one had seen the old man or his wife since the night the cats were away.,HPL
id02772,"Six years had elapsed, passed in a dream but for one indelible trace, and I stood in the same place where I had last embraced my father before my departure for Ingolstadt.",MWS
id19806,"""But that Kidd's accumulations were immense, is well known.",EAP
id05293,"And as I looked, I beheld the head rise, the black, liquid, and deep sunken eyes open in terror, and the thin, shadowed lips part as if for a scream too frightful to be uttered.",HPL
id17840,"And from their high summits, one by one, drop everlasting dews.",EAP
id10113,"I had now spent many hours in tears and mournful meditation; it was past twelve o'clock; all was at peace in the house, and the gentle air that stole in at my window did not rustle the leaves of the twining plants that shadowed it.",MWS
id17270,"With the traditionally receptive ears of the small boy, I learned much; though an habitual secretiveness caused me to tell no one of my information or my resolve.",HPL
id24267,"He did not himself understand these words, or know why certain things made him feel certain emotions; but fancied that some unremembered dream must be responsible.",HPL
id21317,"Look, I weep: for more than two years I have never enjoyed one moment free from anguish.",MWS
id24125,"It is indeed demonstrable that every such impulse given the air, must, in the end, impress every individual thing that exists within the universe; and the being of infinite understanding the being whom we have imagined might trace the remote undulations of the impulse trace them upward and onward in their influences upon all particles of an matter upward and onward for ever in their modifications of old forms or, in other words, in their creation of new until he found them reflected unimpressive at last back from the throne of the Godhead.",EAP
id02655,Justine was called on for her defence.,MWS
id18911,"His engagement broken, Galpin moved east to begin life anew; but before long, Appletonians heard of his dismissal in disgrace from New York University, where he had obtained an instructorship in English.",HPL
id26487,"He had a narrow head, bulging, watery blue eyes that seemed never to wink, a flat nose, a receding forehead and chin, and singularly undeveloped ears.",HPL
id05457,"It will be remembered, that, in the earliest stage of my speculations upon the possibility of a passage to the moon, the existence, in its vicinity, of an atmosphere, dense in proportion to the bulk of the planet, had entered largely into my calculations; this too in spite of many theories to the contrary, and, it may be added, in spite of a general disbelief in the existence of any lunar atmosphere at all.",EAP
id07762,My words flowed spontaneously my utterance was firm and quick.,MWS
id22890,"Only a very rare affliction, of course, could bring about such vast and radical anatomical changes in a single individual after maturity changes involving osseous factors as basic as the shape of the skull but then, even this aspect was no more baffling and unheard of than the visible features of the malady as a whole.",HPL
id12353,"As I fled from that accursed castle along the bog's edge I heard a new sound; common, yet unlike any I had heard before at Kilderry.",HPL
id05582,"He did not try to navigate after the first bold flight, for the reaction had taken something out of his soul.",HPL
id21404,"A bear once, attempting to swim from Lofoden to Moskoe, was caught by the stream and borne down, while he roared terribly, so as to be heard on shore.",EAP
id14312,"He obeyed her injunctions, and passed a year in exile in Cumberland.",MWS
id18834,"He reverted to his past life, his successes in Greece, his favour at home.",MWS
id06817,"Murderers, casting it in, would not have failed to attach a weight.",EAP
id23484,"After each short and inevitable sleep I seemed older, whilst my friend aged with a rapidity almost shocking.",HPL
id05876,"I look on the hands which executed the deed; I think on the heart in which the imagination of it was conceived and long for the moment when these hands will meet my eyes, when that imagination will haunt my thoughts no more.",MWS
id22987,Horrible sights were shaped to me in the turbid cloud that hovered over the city; and my only relief was derived from the struggles I made to approach the gate.,MWS
id05449,"In order to reach it, he said, he would soar through abysses of emptiness, burning every obstacle that stood in his way.",HPL
id24399,"""Pierre Moreau, tobacconist, deposes that he has been in the habit of selling small quantities of tobacco and snuff to Madame L'Espanaye for nearly four years.",EAP
id11413,I still quickened my pace.,EAP
id03950,"I resolved to fly far from the scene of my misfortunes; but to me, hated and despised, every country must be equally horrible.",MWS
id08447,"It was in the spirit of this wisdom that, among the ancient Hebrews, it was believed the gates of Heaven would be inevitably opened to that sinner, or saint, who, with good lungs and implicit confidence, should vociferate the word ""Amen"" It was in the spirit of this wisdom that, when a great plague raged at Athens, and every means had been in vain attempted for its removal, Epimenides, as Laertius relates, in his second book, of that philosopher, advised the erection of a shrine and temple ""to the proper God."" LYTTLETON BARRY.",EAP
id21568,"I feel confident he never would have dreamed of taking up his residence in Alexander the Great o nopolis had he been aware that, in Alexander the Great o nopolis, there lived a gentleman named John Smith if I rightly remember, who for many years had there quietly grown fat in editing and publishing the 'Alexander the Great o nopolis Gazette.'",EAP
id25461,I will protect the first the latter I commit to your charge.,MWS
id01207,"Miserable himself that he may render no other wretched, he ought to die.",MWS
id08041,The police heard a shot in the old Tillinghast house and found us there Tillinghast dead and me unconscious.,HPL
id03570,It is even possible that the train of my ideas would never have received the fatal impulse that led to my ruin.,MWS
id09713,"I had not entered the army on my own initiative, but rather as a natural result of the enlistment of the man whose indispensable assistant I was the celebrated Boston surgical specialist, Dr. Herbert West.",HPL
id12320,"It was my last link with a chapter of life forever closed, and I valued it highly.",HPL
id18040,The longer I meditated upon these the more intense grew the interest which had been excited within me.,EAP
id27756,"She often repined; but her trust in the singleness of his affection was undisturbed; and, when they were together, unchecked by fear, she opened her heart to the fullest delight.",MWS
id15641,To me there was nothing grotesque in the bones and skeletons that strowed some of the stone crypts deep down among the foundations.,HPL
id11826,"He was full of thought, and remained silent during a considerable part of our ride; at length he said, ""I must apologize to you for my abstraction; the truth is, Ryland's motion comes on to night, and I am considering my reply.""",MWS
id06472,"The Thing cannot be described there is no language for such abysms of shrieking and immemorial lunacy, such eldritch contradictions of all matter, force, and cosmic order.",HPL
id04172,"To add to our dilemma, we found the pumps choked and nearly useless.",EAP
id23387,By these means for they were ignorant men I found little difficulty in gaining them over to my purpose.,EAP
id16818,"It was queer damnably queer and my uncle spoke almost sheepishly, as if half expecting not to be believed, when he declared that of the strange faces many had unmistakably borne the features of the Harris family.",HPL
id09068,"For three months a night has not passed, during the greater part of which I have not been engaged, personally, in ransacking the D Hotel.",EAP
id15774,"Raymond did not wonder, that, thus situated, the artist had shrunk from notice, but he did not for this alter his resolve.",MWS
id17128,"Not any more does he long for the magic of farther hills, or sigh for secrets that peer like green reefs from a bottomless sea.",HPL
id08079,"But while I endured punishment and pain in their defence with the spirit of an hero, I claimed as my reward their praise and obedience.",MWS
id10542,I must collect my thoughts.,MWS
id21056,"Never imposing upon any one myself, I suffered no one to play the possum with me.",EAP
id12080,"""Not so,"" said I, ""though I confess that my thoughts are not occupied as pleasantly as yours are.",MWS
id10888,"Then, as I remained, paralysed with fear, he found his voice and in his dying breath screamed forth those words which have ever afterward haunted my days and my nights.",HPL
id23731,"""Surely it is not the custom of Englishmen to receive strangers so inhospitably.""",MWS
id23209,"They remained confined for five months before the trial took place, the result of which deprived them of their fortune and condemned them to a perpetual exile from their native country.",MWS
id25905,"they never stopped swimmin' in an' aout o' the river from that cursed reef o' Satan an' more an' more attic winders got a boarded up, an' more an' more noises was heerd in haouses as wa'n't s'posed to hev nobody in 'em. . . .",HPL
id05110,"At Lawrence he had been prominent in the mock fraternity of ""Tappa Tappa Keg"", where he was the wildest and merriest of the wild and merry young roysterers; but this immature, collegiate frivolity did not satisfy him.",HPL
id12871,"The limbs, save for their black fur, roughly resembled the hind legs of prehistoric earth's giant saurians; and terminated in ridgy veined pads that were neither hooves nor claws.",HPL
id04666,"These are my enticements, and they are sufficient to conquer all fear of danger or death and to induce me to commence this laborious voyage with the joy a child feels when he embarks in a little boat, with his holiday mates, on an expedition of discovery up his native river.",MWS
id27629,"There were adequate bolts on the two lateral doors to connecting rooms, and these I proceeded to fasten.",HPL
id05317,"His supposition was that ""a well taught boy very thin and tall of his age sufficiently so that he could be concealed in a drawer almost immediately under the chess board"" played the game of chess and effected all the evolutions of the Automaton.",EAP
id20597,"Interspersed about the room, crossing and recrossing in endless irregularity, were innumerable benches and desks, black, ancient, and time worn, piled desperately with much bethumbed books, and so beseamed with initial letters, names at full length, grotesque figures, and other multiplied efforts of the knife, as to have entirely lost what little of original form might have been their portion in days long departed.",EAP
id09853,"If manly courage and resistance can save us, we will be saved.",MWS
id09334,"The silver hair and benevolent countenance of the aged cottager won my reverence, while the gentle manners of the girl enticed my love.",MWS
id19728,I commenced by inuring my body to hardship.,MWS
id25281,But these absurdities I must not pause to detail.,EAP
id03036,"I travelled only at night, fearful of encountering the visage of a human being.",MWS
id12020,"Scarcely had we recovered our senses, before the foretopsail went into shreds, when we got up a storm stay sail and with this did pretty well for some hours, the ship heading the sea much more steadily than before.",EAP
id04949,The lower portion of the other is hidden from view by the head of the unwieldy bedstead which is thrust close up against it.,EAP
id09194,"Adrian had introduced systematic modes of proceeding in the metropolis, which, while they were unable to stop the progress of death, yet prevented other evils, vice and folly, from rendering the awful fate of the hour still more tremendous.",MWS
id01172,"""At a quarter past eight, being no longer able to draw breath without the most intolerable pain, I proceeded forthwith to adjust around the car the apparatus belonging to the condenser.",EAP
id21956,"The professor had been stricken whilst returning from the Newport boat; falling suddenly, as witnesses said, after having been jostled by a nautical looking negro who had come from one of the queer dark courts on the precipitous hillside which formed a short cut from the waterfront to the deceased's home in Williams Street.",HPL
id01830,"Suddenly the wretch, animated with his last burst of strength, raised his hideous head from the damp and sunken pavement.",HPL
id25698,"""Ha ha ha"" said that gentleman ""he he he hi hi hi ho ho ho hu hu hu hu very good indeed You must not be astonished, mon ami; our friend here is a wit a drole you must not understand him to the letter.""",EAP
id22366,"It is true that I may not find an opportunity of transmitting it to the world, but I will not fall to make the endeavour.",EAP
id17453,"I repeat that in landscape arrangements, or collocations alone, is the physical Nature susceptible of ""exaltation"" and that, therefore, her susceptibility of improvement at this one point, was a mystery which, hitherto I had been unable to solve.",EAP
id15797,"He also cut timber and began to repair the unused parts of his house a spacious, peaked roofed affair whose rear end was buried entirely in the rocky hillside, and whose three least ruined ground floor rooms had always been sufficient for himself and his daughter.",HPL
id14132,"In the meantime it was folly to grieve, or to think.",EAP
id22533,"The extreme darkness of the stage, whose only light was received from the fire under the cauldron, joined to a kind of mist that floated about it, rendered the unearthly shapes of the witches obscure and shadowy.",MWS
id25269,"Sheehan's is the acknowledged centre to Chicago's subterranean traffic in liquor and narcotics, and as such has a certain dignity which extends even to the unkempt attachí©s of the place; but there was until lately one who lay outside the pale of that dignity one who shared the squalor and filth, but not the importance, of Sheehan's.",HPL
id06356,"Perhaps the gradation of his copy rendered it not so readily perceptible; or, more possibly, I owed my security to the master air of the copyist, who, disdaining the letter, which in a painting is all the obtuse can see, gave but the full spirit of his original for my individual contemplation and chagrin.",EAP
id27761,It was perhaps an effect of such surroundings that my mind early acquired a shade of melancholy.,HPL
id04015,"""You ought to hear, though, what some of the old timers tell about the black reef off the coast Devil Reef, they call it.",HPL
id08936,The prince had provided all the appliances of pleasure.,EAP
id02672,"For a week I tasted to the full the joys of that charnel conviviality which I must not describe, when the thing happened, and I was borne away to this accursed abode of sorrow and monotony.",HPL
id01301,"He see enough, I tell ye, Mis' Corey This dun't mean no good, an' I think as all the men folks ought to git up a party an' do suthin'.",HPL
id11714,"No recognised school of sculpture had animated this terrible object, yet centuries and even thousands of years seemed recorded in its dim and greenish surface of unplaceable stone.",HPL
id22514,"For a long time I dared not hope; but when his unobstructed breathing and the moisture that suffused his forehead, were tokens no longer to be mistaken of the departure of mortal malady, I ventured to whisper the news of the change to Idris, and at length succeeded in persuading her that I spoke truth.",MWS
id25671,"He comprehended, moreover, the true character, the august aims, the supreme majesty and dignity of the poetic sentiment.",EAP
id27169,Else there is no immortality for man.,EAP
id07849,"I laid the second tier, and the third, and the fourth; and then I heard the furious vibrations of the chain.",EAP
id03066,"All in all, he became a disconcerting and even gruesome companion; yet in my gratitude for his healing I could not well abandon him to the strangers around him, and was careful to dust his room and attend to his needs each day, muffled in a heavy ulster which I bought especially for the purpose.",HPL
id19449,I longed for the love which had before filled it to overflowing.,EAP
id15830,"It was a lambent glow of this sort which always played about the old woman and the small furry thing in those lighter, sharper dreams which prefaced his plunge into unknown abysses, and the thought that a wakeful second person could see the dream luminance was utterly beyond sane harbourage.",HPL
id26636,"My first thought was Perdita; to her I must return; her I must support, drawing such food from despair as might best sustain her wounded heart; recalling her from the wild excesses of grief, by the austere laws of duty, and the soft tenderness of regret.",MWS
id00037,"He owned affinity not only with mankind, but all nature was akin to him; the mountains and sky were his friends; the winds of heaven and the offspring of earth his playmates; while he the focus only of this mighty mirror, felt his life mingle with the universe of existence.",MWS
id25376,Uninquiring souls let this occurrence pass as one of the major clashes in a spasmodic war on liquor.,HPL
id01019,"The rigging was found to be ill fitted, and greatly strained; and on the third day of the blow, about five in the afternoon, our mizzen mast, in a heavy lurch to windward, went by the board.",EAP
id04152,"Alfred stood immoveable before him, his whole attention absorbed.",MWS
id19373,"Beyond it the rusted railway and the Rowley road led off through a flat, marshy terrain dotted with islets of higher and dryer scrub grown land.",HPL
id04861,"Williamson records and traditions were supplied in abundance by my grandfather; though for Orne material I had to depend on my uncle Walter, who put at my disposal the contents of all his files, including notes, letters, cuttings, heirlooms, photographs, and miniatures.",HPL
id17577,"A closer scrutiny, however, satisfied me that it was intended for a kid."" ""Ha ha"" said I, ""to be sure I have no right to laugh at you a million and a half of money is too serious a matter for mirth but you are not about to establish a third link in your chain you will not find any especial connexion between your pirates and a goat pirates, you know, have nothing to do with goats; they appertain to the farming interest.""",EAP
id17205,"It is no cause for wonder, surely, that even a gang of blackguards should make haste to get home, when a wide river is to be crossed in small boats, when storm impends, and when night approaches.",EAP
id03307,"The connexion of the two events had about it so much of the palpable, that the true wonder would have been a failure of the populace to appreciate and to seize it.",EAP
id09691,"When I heard the fears which had driven the people from Kilderry I laughed as loudly as my friend had laughed, for these fears were of the vaguest, wildest, and most absurd character.",HPL
id23247,"Leave me; I am inexorable.""",MWS
id02698,I listened to my father in silence and remained for some time incapable of offering any reply.,MWS
id01371,"You hate me, but your abhorrence cannot equal that with which I regard myself.",MWS
id11720,"I had been, albeit without definite reason, instinctively on my guard and that was to my advantage in the new and real crisis, whatever it might turn out to be.",HPL
id06141,"I assured my patron that, if this was all, I was perfectly resigned to the task of playing Thomas Hawk.",EAP
id03603,"A large bruise was discovered upon the pit of the stomach, produced, apparently, by the pressure of a knee.",EAP
id20705,"Mem he'll answer, too.",EAP
id26332,"Let a composition be defective, let an emendation be wrought in its mere arrangement of form; let this emendation be submitted to every artist in the world; by each will its necessity be admitted.",EAP
id06098,"The hangman, however, adjusted the noose about my neck.",EAP
id19151,Then with utter and horrifying suddenness we heard a frightful sound from below.,HPL
id01329,"The boat, however, must not be detained.",EAP
id13295,"We started about four o'clock Legrand, Jupiter, the dog, and myself.",EAP
id09591,What do maps and records and guide books really tell of the North End? Bah At a guess I'll guarantee to lead you to thirty or forty alleys and networks of alleys north of Prince Street that aren't suspected by ten living beings outside of the foreigners that swarm them.,HPL
id16597,It would be useless to describe the playing of Erich Zann on that dreadful night.,HPL
id27949,"In this particular instance, it will be understood as most probable, that she proceeded upon a route of more than average diversity from her accustomed ones.",EAP
id27876,"Having noticed these particulars, and some others, I again turned my eyes upon the glorious prospect below, and soon became absorbed in contemplation.",EAP
id25218,Many of the vessels fired signal guns; and in all we were saluted with loud cheers which we heard with surprising distinctness and the waving of caps and handkerchiefs.,EAP
id27692,The party spread themselves and hurried from room to room.,EAP
id12312,"He made a vow against love and its train of struggles, disappointment and remorse, and sought in mere sensual enjoyment, a remedy for the injurious inroads of passion.",MWS
id20113,After that Johansen only brooded over the idol in the cabin and attended to a few matters of food for himself and the laughing maniac by his side.,HPL
id27404,"The latter examined it carefully and deposited it in his pocket book; then, unlocking an escritoire, took thence a letter and gave it to the Prefect.",EAP
id07585,"I retired early and full of dread, and for a long time could not sleep in the uncanny silence of the tower.",HPL
id16895,"I provided myself with a sum of money, together with a few jewels which had belonged to my mother, and departed.",MWS
id11003,"I rushed towards the window, and drawing a pistol from my bosom, fired; but he eluded me, leaped from his station, and running with the swiftness of lightning, plunged into the lake.",MWS
id08978,"Xh, pxh, pxh, Jxhn, dxn't dx sx Yxu've gxt tx gx, yxu knxw, sx gx at xnce, and dxn't gx slxw; fxr nxbxdy xwns yxu here, yxu knxw.",EAP
id27809,You would have sworn that the writer had been born and brought up in a coffin.,EAP
id14246,"""There are a prodigious number of stately palaces.""",EAP
id04980,"She might have heard of my return from London, and my visit to Bolter's Lock, which, connected with my continued absence, might tend greatly to alarm her.",MWS
id04970,"This man, whose name was Beaufort, was of a proud and unbending disposition and could not bear to live in poverty and oblivion in the same country where he had formerly been distinguished for his rank and magnificence.",MWS
id01654,"We found, on each side of the humid pathway, ""dry land for the sole of the foot.""",MWS
id21585,"I dare not ask you to do what I think right, for I may still be misled by passion.",MWS
id05899,"Refusing to flee, I watched it fade and as I watched I felt that it was in turn watching me greedily with eyes more imaginable than visible.",HPL
id04561,"""Then up with you as soon as possible, for it will soon be too dark to see what we are about.""",EAP
id20502,"Since then I must be an object of indifference or contempt to her, better, far better avoid her, nor expose myself before her and the scornful world to the chance of playing the mad game of a fond, foolish Icarus.",MWS
id18908,I shewed her the dangers which her children incurred during her absence; and she at length agreed not to go beyond the inclosure of the forest.,MWS
id05906,The entire surface of this metallic enclosure was rudely daubed in all the hideous and repulsive devices to which the charnel superstition of the monks has given rise.,EAP
id17324,"That scene itself must have corresponded to the sealed loft overhead, which had begun to attack his imagination so violently, but later impressions were faint and hazy.",HPL
id26919,"""Mille tonnerres"" ejaculated the Prince de Grenouille.",EAP
id08711,"The remains of the half finished creature, whom I had destroyed, lay scattered on the floor, and I almost felt as if I had mangled the living flesh of a human being.",MWS
id20240,"It was plain that the owner had come home; but he had not come from the land, nor from any balloon or airship that could be imagined.",HPL
id27940,Others thought and still think he'd found an old pirate cache out on Devil Reef.,HPL
id11694,"This is what I saw in the glass: A thin, dark man of medium stature attired in the clerical garb of the Anglican church, apparently about thirty, and with rimless, steel bowed glasses glistening beneath a sallow, olive forehead of abnormal height.",HPL
id10469,Then again the kindly influence ceased to act I found myself fettered again to grief and indulging in all the misery of reflection.,MWS
id12835,"As the sailor looked in, the gigantic animal had seized Madame L'Espanaye by the hair, which was loose, as she had been combing it, and was flourishing the razor about her face, in imitation of the motions of a barber.",EAP
id15924,"His feelings are forever on the stretch; and when he begins to sink into repose, he finds himself obliged to quit that on which he rests in pleasure for something new, which again engages his attention, and which also he forsakes for other novelties.",MWS
id04515,"""The father of Safie had been the cause of their ruin.",MWS
id00960,The matter was impossible.,EAP
id23496,"""No"" said the Baron, turning abruptly toward the speaker, ""dead say you?"" ""It is indeed true, my lord; and, to a noble of your name, will be, I imagine, no unwelcome intelligence.""",EAP
id09682,"At length, one escaping through a sewer, gave freedom to all the rest.",EAP
id17159,"""My children,"" she said, ""my firmest hopes of future happiness were placed on the prospect of your union.",MWS
id03633,I mean the line Perdidit antiquum litera sonum.,EAP
id16054,In establishing 'The Tea Pot' he expected to have the field all to himself.,EAP
id06053,They would have left nothing behind them; for their number would have enabled them to carry all at once.,EAP
id10265,"Time, place, and circumstances rendered it a matter beyond question.",EAP
id16601,"He developed strange caprices, acquiring a fondness for exotic spices and Egyptian incense till his room smelled like the vault of a sepulchred Pharaoh in the Valley of Kings.",HPL
id11834,"They made the special effects, indeed, wrought in the fluid by special impulses, the subject of exact calculation so that it became easy to determine in what precise period an impulse of given extent would engirdle the orb, and impress for ever every atom of the atmosphere circumambient.",EAP
id15959,"""O yes; and for this reason I did not despair.",EAP
id26296,Haow'd ye like to hear what comes from that awful reef every May Eve an' Hallowmass?,HPL
id11366,"The alienists listened with keen attention to his words, since their curiosity had been aroused to a high pitch by the suggestive yet mostly conflicting and incoherent stories of his family and neighbours.",HPL
id08827,It must have been midnight at least when Birch decided he could get through the transom.,HPL
id25430,"I will win him to me; he shall not deny his grief to me and when I know his secret then will I pour a balm into his soul and again I shall enjoy the ravishing delight of beholding his smile, and of again seeing his eyes beam if not with pleasure at least with gentle love and thankfulness.",MWS
id15283,You must be careful and give the thing with a downright improviso air.,EAP
id06697,As my uncle began slowly and grudgingly to unwrap the things he urged me not to be shocked by the strangeness and frequent hideousness of the designs.,HPL
id20445,"As I looked, a subtle, curious sense of beckoning seemed superadded to the grim repulsion; and oddly enough, I found this overtone more disturbing than the primary impression.",HPL
id16418,"It is curious that although he differed so widely from the mass of Hispanicised and tribal Indians, Romero gave not the least impression of Caucasian blood.",HPL
id15440,There was Ferdinand Fitz Fossillus Feltspar.,EAP
id26888,"At the termination of this sentence I started, and for a moment, paused; for it appeared to me although I at once concluded that my excited fancy had deceived me it appeared to me that, from some very remote portion of the mansion, there came, indistinctly, to my ears, what might have been, in its exact similarity of character, the echo but a stifled and dull one certainly of the very cracking and ripping sound which Sir Launcelot had so particularly described.",EAP
id27413,"From indications afforded by the barometer, we find that, in ascensions from the surface of the earth we have, at the height of , feet, left below us about one thirtieth of the entire mass of atmospheric air, that at , we have ascended through nearly one third; and that at ,, which is not far from the elevation of Cotopaxi, we have surmounted one half the material, or, at all events, one half the ponderable, body of air incumbent upon our globe.",EAP
id07783,"The task seemed interminable, and I raged almost as violently as the hermit when I saw the hours slipping by in a breathless, foodless round of vain telephoning, and a hectic quest from place to place, hither and thither by subway and surface car.",HPL
id15961,I soon arrived at the hut: the door was ajar.,MWS
id19221,"Who or what then, was my great great grandmother?",HPL
id12753,For a moment I was almost paralized by fear; but my energy returned and I demanded a guide to accompany me in following his steps.,MWS
id03421,I could with pleasure have destroyed the cottage and its inhabitants and have glutted myself with their shrieks and misery.,MWS
id20021,I breathed no longer.,EAP
id18395,existing about the moon.,EAP
id11491,she of the diminutive head and the gilded hair?,EAP
id22139,Nor was any child to be born alive in that house for a century and a half.,HPL
id18644,"Then, as September approached, the clouds began to clear.",HPL
id26078,I remembered in one of her harshest moments a quotation of mine had roused her to anger and disdain.,MWS
id15507,"""Its adaptation to the eyes which were to behold it upon earth.""",EAP
id23587,"At times her screams became insupportable, and for long periods she would utter shrieking horrors which necessitated her son's temporary residence with his cousin, Peleg Harris, in Presbyterian Lane near the new college building.",HPL
id25959,There had been nothing like order or arrangement.,EAP
id08838,"It was the pictorial carving, however, that did most to hold me spellbound.",HPL
id14923,"The grave was not very deep, but fully as good as that of the previous specimen the thing which had risen of itself and uttered a sound.",HPL
id26470,"About two hours after this occurrence we heard the ground sea, and before night the ice broke and freed our ship.",MWS
id02383,"Accordingly, I was no sooner seated at the card table, with my pretty hostess for a vis íæ vis, than I propounded those questions the solution of which had become a matter so essential to my peace.",EAP
id24619,The company followed our example without stint.,EAP
id07263,"I will not pursue these guesses for I have no right to call them more since the shades of reflection upon which they are based are scarcely of sufficient depth to be appreciable by my own intellect, and since I could not pretend to make them intelligible to the understanding of another.",EAP
id19358,The daughter lay prostrate and motionless; she had swooned.,EAP
id05571,"The abysses were by no means vacant, being crowded with indescribably angled masses of alien hued substance, some of which appeared to be organic while others seemed inorganic.",HPL
id15343,"Past the churchyard, where there were no houses, I could see over the hill's summit and watch the glimmer of stars on the harbour, though the town was invisible in the dark.",HPL
id10482,"Whenever it fell upon me, my blood ran cold; and so by degrees very gradually I made up my mind to take the life of the old man, and thus rid myself of the eye forever.",EAP
id27020,"Upon this occasion we should have been driven out to sea in spite of everything, for the whirlpools threw us round and round so violently, that, at length, we fouled our anchor and dragged it if it had not been that we drifted into one of the innumerable cross currents here to day and gone to morrow which drove us under the lee of Flimen, where, by good luck, we brought up.",EAP
id15133,"Disappointment and sickness have hitherto held dominion over me; twin born with me, my would, was for ever enchained by the shall not, of these my tyrants.",MWS
id16417,The perfume in my nostrils died away.,EAP
id25311,Adrian led the troops.,MWS
id07402,The tension on our part became very great.,HPL
id01064,"Yet she smiled on and still on, uncomplainingly, because she saw that the painter who had high renown took a fervid and burning pleasure in his task, and wrought day and night to depict her who so loved him, yet who grew daily more dispirited and weak.",EAP
id05964,"You on earth have unwittingly felt its distant presence you who without knowing idly gave to its blinking beacon the name of Algol, the Daemon Star.",HPL
id10044,"why string my nerves and renew my wearied efforts ah, why?",MWS
id06740,"Again a furtive trying of a bolted connecting door, and again a receding creaking.",HPL
id17439,"The sun arose with a sickly yellow lustre, and clambered a very few degrees above the horizon emitting no decisive light.",EAP
id26646,"The weather was cold; and, upon quitting my own room, I had thrown a cloak over my dressing wrapper, putting it off upon reaching the scene of play.",EAP
id15076,"""How much was the reward offered, did you say?"" asked Dupin.",EAP
id19617,"I was still alone, for as much as I feared the unknown horror I sought, there was more fear in the thought of telling anybody.",HPL
id21453,"I do not weep or sigh; but I must reason with myself, and force myself to feel sorrow and despair.",MWS
id19419,"Our conversation was now long, earnest, uninterrupted, and totally unreserved.",EAP
id03244,He knew things he didn't dare put into that stupid Magnalia or that puerile Wonders of the Invisible World.,HPL
id20539,"Briden looked back and went mad, laughing shrilly as he kept on laughing at intervals till death found him one night in the cabin whilst Johansen was wandering deliriously.",HPL
id19740,"Moreover, my occupations have been always made to chime in with the ordinary habitudes of my fellowmen.",EAP
id06471,"To this man Iranon spoke, as to so many others: ""Canst thou tell me where I may find Aira, the city of marble and beryl, where flows the hyaline Nithra and where the falls of the tiny Kra sing to verdant valleys and hills forested with yath trees?""",HPL
id15807,"""Were I misanthropic,"" he said, ""such a locale would suit me.",EAP
id12419,"In my childhood the shunned house was vacant, with barren, gnarled, and terrible old trees, long, queerly pale grass, and nightmarishly misshapen weeds in the high terraced yard where birds never lingered.",HPL
id14753,"He found my name a good passport to preferment, and he had procured for me the situation of private secretary to the Ambassador at Vienna, where I should enter on my career under the best auspices.",MWS
id26980,"There were reasons why I would have been glad to let the war separate us; reasons why I found the practice of medicine and the companionship of West more and more irritating; but when he had gone to Ottawa and through a colleague's influence secured a medical commission as Major, I could not resist the imperious persuasion of one determined that I should accompany him in my usual capacity.",HPL
id15735,"But on you only had I any claim for pity and redress, and from you I determined to seek that justice which I vainly attempted to gain from any other being that wore the human form.",MWS
id12769,"I strove to think that all this grandeur was but more glaring infamy, and that, by planting his gold enwoven flag beside my tarnished and tattered banner, he proclaimed not his superiority, but his debasement.",MWS
id07126,I will not dwell longer than I need on these disastrous circumstances.,MWS
id18509,"Geographically it lay about two miles northwest of the base of Tempest Mountain, and three miles from the oak girt mansion.",HPL
id09082,"""D ,"" replied Dupin, ""is a desperate man, and a man of nerve.",EAP
id04092,"""Upon honor,"" said I. ""Nose and all?"" she asked.",EAP
id07307,I heard the next morning from the steward that upon his arrival he had been in a most terrible state of mind: he had passed the first night in the garden lying on the damp grass; he did not sleep but groaned perpetually.,MWS
id13237,Then the lock of the connecting door to my room was softly tried.,HPL
id03208,This had probably been done with the view of arousing me from sleep.,EAP
id11259,"It was at this moment that his eyes, and mine also, fell upon the scrap of parchment, which I then supposed to be paper.",EAP
id22787,"On his throat were the marks of murderous hands, and on his left ankle was a distressing rat bite.",HPL
id06383,"Everything is related in them which bears reference to my accursed origin; the whole detail of that series of disgusting circumstances which produced it is set in view; the minutest description of my odious and loathsome person is given, in language which painted your own horrors and rendered mine indelible.",MWS
id24551,"When we reached this tree, Legrand turned to Jupiter, and asked him if he thought he could climb it.",EAP
id18094,I gave him pretty nearly the same account of my former pursuits as I had given to his fellow professor.,MWS
id00620,"Thus was I left to ponder on myself as the only human creature within the great fortress, and in my utter solitude my mind began to cease its vain protest against the impending doom, to become almost reconciled to the fate which so many of my ancestors had met.",HPL
id27408,"As the music went on, my ideas seemed to quit their mortal dwelling house; they shook their pinions and began a flight, sailing on the placid current of thought, filling the creation with new glory, and rousing sublime imagery that else had slept voiceless.",MWS
id02872,"I waited for my letters with feverish impatience; if they were delayed I was miserable and overcome by a thousand fears; and when they arrived and I saw the superscription of Elizabeth or my father, I hardly dared to read and ascertain my fate.",MWS
id13378,It is now madness or hypocrisy to doubt.,EAP
id06108,But even in this acute moment my chief horror was something apart from the immediate weakness of my defences.,HPL
id27149,"Trade fallin' off, mills losin' business even the new ones an' the best of our menfolks kilt a privateerin' in the War of or lost with the Elizy brig an' the Ranger snow both of 'em Gilman venters.",HPL
id22652,"One fine February day, when the sun had reassumed some of its genial power, I walked in the forest with my family.",MWS
id21224,Ingenuity: Your diddler is ingenious.,EAP
id14826,all over the reef an' swimmin' up the harbour into the Manuxet. . . .,HPL
id14600,At this time Lord Raymond returned from Greece.,MWS
id13204,"Bread and water did not tame my blood, nor solitary confinement inspire me with gentle thoughts.",MWS
id27106,"The moon's distance from the earth is, in round numbers, , miles.",EAP
id24102,"I carried pistols and a dagger constantly about me and was ever on the watch to prevent artifice, and by these means gained a greater degree of tranquillity.",MWS
id21512,"This accident, with the loss of my insurance, and with the more serious loss of my hair, the whole of which had been singed off by the fire, predisposed me to serious impressions, so that, finally, I made up my mind to take a wife.",EAP
id24294,"As these crossed the direct line of my vision they affected me as forms; but upon passing to my side their images impressed me with the idea of shrieks, groans, and other dismal expressions of terror, of horror, or of wo.",EAP
id17416,"So entirely secluded, and in fact inaccessible, except through a series of accidents, is the entrance of the ravine, that it is by no means impossible that I was indeed the first adventurer the very first and sole adventurer who had ever penetrated its recesses.",EAP
id13943,"In ceasing, he departed at once, and as abruptly as he had entered.",EAP
id04656,"and one, who led the way, was clad in a ghoulishly humped black coat and striped trousers, and had a man's felt hat perched on the shapeless thing that answered for a head. . . .",HPL
id08804,"We could not understand, that is to say, we could not have understood, had the notion of this primum mobile ever obtruded itself; we could not have understood in what manner it might be made to further the objects of humanity, either temporal or eternal.",EAP
id01626,"The event, under the circumstances, was tremendous; for in the existence of a subterranean space here, my mad theories had terrible confirmation.",HPL
id22132,The gentle words of Agatha and the animated smiles of the charming Arabian were not for me.,MWS
id24059,Alas Life is obstinate and clings closest where it is most hated.,MWS
id10319,"The voice, however, still puzzled me no little; but even this apparent mystery was speedily cleared up.",EAP
id04715,"Gilman's dreams consisted largely in plunges through limitless abysses of inexplicably coloured twilight and bafflingly disordered sound; abysses whose material and gravitational properties, and whose relation to his own entity, he could not even begin to explain.",HPL
id07576,I was struck by the improvement that appeared in the health of Adrian.,MWS
id20788,"""Are you better now, sir?"" said she.",MWS
id27005,Another woman confirmed the account of the fishermen having brought the body into her house; it was not cold.,MWS
id02682,"I could now find room to doubt the evidence of my senses; and seldom called up the subject at all but with wonder at extent of human credulity, and a smile at the vivid force of the imagination which I hereditarily possessed.",EAP
id16180,"His appearance, different from any I had ever before seen, and his flight somewhat surprised me.",MWS
id01549,"I am thy creature, and I will be even mild and docile to my natural lord and king if thou wilt also perform thy part, the which thou owest me.",MWS
id26168,"The insane yarn I had heard from the aged drunkard did not promise very pleasant dreams, and I felt I must keep the image of his wild, watery eyes as far as possible from my imagination.",HPL
id22584,"Here, divesting myself of my clothes, for there is no reason why we cannot die as we were born, I threw myself headlong into the current; the sole witness of my fate being a solitary crow that had been seduced into the eating of brandy saturated corn, and so had staggered away from his fellows.",EAP
id16703,At a wave of my hand my deliverers hurried tumultuously away.,EAP
id05379,You should have seen me you should.,EAP
id17025,"And, in the midst of all this, the continuous braying of a donkey arose over all.",EAP
id07009,"There was none of the exotic technique you see in Sidney Sime, none of the trans Saturnian landscapes and lunar fungi that Clark Ashton Smith uses to freeze the blood.",HPL
id20058,For Arthur Munroe was dead.,HPL
id20975,"Nor did I doubt, that in the tranquillity of our family circle at Windsor, she would recover some degree of composure, and in the end, of happiness.",MWS
id15401,"These Great Old Ones, Castro continued, were not composed altogether of flesh and blood.",HPL
id18143,"Having thus fathomed, to his satisfaction, the intentions of Jehovah, out of these intentions he built his innumerable systems of mind.",EAP
id22919,"No man could crush a ""butterfly on the wheel"" with better effect; no man better cover a speedy retreat from a powerful adversary.",MWS
id19258,"In fact, to write upon such a theme it is necessary to have been hanged.",EAP
id02011,"Their still apparent union permitted her to do much; but no woman could, in the end, present a remedy to the encreasing negligence of the Protector; who, as if seized with a paroxysm of insanity, trampled on all ceremony, all order, all duty, and gave himself up to license.",MWS
id19374,When the old woman began to turn toward him he fled precipitately off the bridge and into the shelter of the town's labyrinthine waterfront alleys.,HPL
id23978,The rooks cawed loudly in the trees above; mixed with their hoarse cries I heard a lively strain of music.,MWS
id05170,I took it because of the queer old brick well in the cellar one of the sort I told you about.,HPL
id10724,No sympathy may I ever find.,MWS
id26472,"Steeped in misery as I am misery, alas only too real I shall be pardoned for seeking relief, however slight and temporary, in the weakness of a few rambling details.",EAP
id08056,"I suppose some astonishment was exhibited in my countenance, for Mr. Kirwin hastened to say, ""Immediately upon your being taken ill, all the papers that were on your person were brought me, and I examined them that I might discover some trace by which I could send to your relations an account of your misfortune and illness.",MWS
id23159,"He knew deeper vices through books, and he now longed to know them at first hand.",HPL
id15592,"As soon as morning dawned I crept from my kennel, that I might view the adjacent cottage and discover if I could remain in the habitation I had found.",MWS
id08709,"""Ass"" said the fourth.",EAP
id04043,"Elinor die This is frenzy and the most miserable despair: you cannot die while I am near.""",MWS
id13462,"Then too, we had spoken to him in advance of our quest; and I felt after my uncle's going that he would understand and assist me in some vitally necessary public explanations.",HPL
id01478,"Our talk was on subjects, unconnected with the emotions that evidently occupied each; but we each divined the other's thought, and as our voices spoke of indifferent matters, our eyes, in mute language, told a thousand things no tongue could have uttered.",MWS
id06151,"I was very sorry for him, for I dislike to see a German suffer; but he was not a good man to die with.",HPL
id00128,"An' the smell was awful, like what it is araound Wizard Whateley's ol' haouse. . .",HPL
id16309,Nor did Adrian instruct me only in the cold truths of history and philosophy.,MWS
id01437,This relieves us of all doubt upon the question whether the old lady could have first destroyed the daughter and afterward have committed suicide.,EAP
id17059,"On a certain rainy afternoon when this illusion seemed phenomenally strong, and when, in addition, I had fancied I glimpsed a kind of thin, yellowish, shimmering exhalation rising from the nitrous pattern toward the yawning fireplace, I spoke to my uncle about the matter.",HPL
id13843,"'Let me go,' he cried; 'monster Ugly wretch You wish to eat me and tear me to pieces.",MWS
id12362,"In the open air alone I found relief; among nature's beauteous works, her God reassumed his attribute of benevolence, and again I could trust that he who built up the mountains, planted the forests, and poured out the rivers, would erect another state for lost humanity, where we might awaken again to our affections, our happiness, and our faith.",MWS
id18568,"Accordingly I kept north along Main to Martin, then turning inland, crossing Federal Street safely north of the Green, and entering the decayed patrician neighbourhood of northern Broad, Washington, Lafayette, and Adams Streets.",HPL
id13782,In Bolton the prevailing spirit of Puritanism had outlawed the sport of boxing with the usual result.,HPL
id06566,"I went down to open it with a light heart, for what had I now to fear?",EAP
id25194,"I reason a priori, and a diddle would be no diddle without a grin.",EAP
id14118,"""Vase am I,"" she thought, ""vase brimful of despair's direst essence.",MWS
id26822,"He alluded to Adrian, and spoke of him with that disparagement that the worldly wise always attach to enthusiasm.",MWS
id25538,I recollected my threat and resolved that it should be accomplished.,MWS
id00431,"Raymond had evidently vacillated during his journey, and irresolution was marked in every gesture as we entered Perdita's cottage.",MWS
id08336,She spoke no word; and I not for worlds could I have uttered a syllable.,EAP
id18990,"This is somewhat thick, and so are her ankles, but she has a fine pair of green stockings to cover them.",EAP
id24554,Thus Mark Antony composed a treatise upon getting drunk.,EAP
id22547,Yet where had the fellow got such an odd notion?,HPL
id14490,"At night he would not be alone, nor would the company of a few persons calm him.",HPL
id19980,P. I do not comprehend.,EAP
id02580,"When my father had arrived the storm had already begun, but he had refused to stop and leaving his horse there he walked on towards the sea.",MWS
id05358,"Its persistence among a simple people was quite natural in view of the sudden and permanent return of abundantly fine fishing, and it soon came to be the greatest influence on the town, replacing Freemasonry altogether and taking up headquarters in the old Masonic Hall on New Church Green.",HPL
id06444,"We both inserted the whole unopened wooden box, closed the door, and started the electricity.",HPL
id10195,"The islands were no longer visible; whether they had passed down the horizon to the southeast, or whether my increasing elevation had left them out of sight, it is impossible to say.",EAP
id11425,"His dreams were meanwhile increasing in vividness, and though shewing him none of the strange cities and incredible gardens of the old days, were assuming a definite cast whose purpose could not be mistaken.",HPL
id17845,"Alas, what will become of us?",MWS
id19783,"""The relatives of the Earl of Windsor,"" said she haughtily, ""doubtless think that I injured him; perhaps the Earl himself would be the first to acquit me, but probably I do not deserve acquittal.",MWS
id15816,"Now, as the baying of that dead, fleshless monstrosity grows louder and louder, and the stealthy whirring and flapping of those accursed web wings circles closer and closer, I shall seek with my revolver the oblivion which is my only refuge from the unnamed and unnamable.",HPL
id08433,"If we discover repetitions of such letters, so arranged, they will most probably represent the word 'the.' Upon inspection, we find no less than seven such arrangements, the characters being;.",EAP
id05956,"We careered round and round for perhaps an hour, flying rather than floating, getting gradually more and more into the middle of the surge, and then nearer and nearer to its horrible inner edge.",EAP
id23763,His demeanour was sad; for a moment he appeared glad to see me and then he checked himself as if unwilling to betray his feelings.,MWS
id11271,"The wound, and consequent inability of Argyropylo, caused Raymond to be the first in command.",MWS
id10467,At length we pulled away.,EAP
id16679,"But it is not that the corpse was found to have the garters of the missing girl, or found to have her shoes, or her bonnet, or the flowers of her bonnet, or her feet, or a peculiar mark upon the arm, or her general size and appearance it is that the corpse had each, and all collectively.",EAP
id26524,Dr. West's reanimated specimens were not meant for long existence or a large audience.,HPL
id26341,"I often wished that I had permitted her to take her own course, and engage herself in such labours for the welfare of others as might have distracted her thoughts.",MWS
id03443,"We lowered it without difficulty, although it was only by a miracle that we prevented it from swamping as it touched the water.",EAP
id22193,Did not proceed up stairs.,EAP
id07485,The old woman always appeared out of thin air near the corner where the downward slant met the inward slant.,HPL
id09439,But it was not in these vortices of complete alienage that he saw Brown Jenkin.,HPL
id15953,"Now, beware Be silent Do not urge me to your destruction.",MWS
id15598,"The open book lay flat between us, with the picture staring repulsively upward.",HPL
id19749,"I motioned to him to continue, which he did with renewed signs of reluctance.",HPL
id27715,We went out with the resolution of disputing with our foe.,MWS
id00017,", it will be seen at pp. and , that this illustrious chemist had not only conceived the idea now in question, but had actually made no inconsiderable progress, experimentally, in the very identical analysis now so triumphantly brought to an issue by Von Kempelen, who although he makes not the slightest allusion to it, is, without doubt I say it unhesitatingly, and can prove it, if required, indebted to the 'Diary' for at least the first hint of his own undertaking.",EAP
id23417,"He, Valence, knew Marie, and could not be mistaken in her identity.",EAP
id04070,We will fight the enemy to the last.,MWS
id15872,"""I repeat, then, that I only half felt, and never intellectually believed.",EAP
id08716,"He was merely crass of fibre and function thoughtless, careless, and liquorish, as his easily avoidable accident proves, and without that modicum of imagination which holds the average citizen within certain limits fixed by taste.",HPL
id00790,Will nobody contrive a more expeditious mode of progress?,EAP
id02057,"I spoke without much heed, and the very conclusion of what I said brought with it other thoughts.",MWS
id09371,"This exception was found in the person of a scholar, who, although no relation, bore the same Christian and surname as myself; a circumstance, in fact, little remarkable; for, notwithstanding a noble descent, mine was one of those everyday appellations which seem, by prescriptive right, to have been, time out of mind, the common property of the mob.",EAP
id04818,"She reposed beside her beloved, and the tomb above was inscribed with the united names of Raymond and Perdita.",MWS
id12567,"What this meant, no one could quite be certain till later.",HPL
id15859,"Her story was plain to him, plain and distinct as the remorse and horror that darted their fangs into him.",MWS
id27743,I was also sorry that I had no one with whom to converse.,HPL
id23113,"What I saw unnerved me most surprisingly, considering its relative triviality.",HPL
id23021,"SIR, Through our common friend, Mr. P., I have received your note of this evening.",EAP
id19967,If I wept he would gaze on me in silence but he was no longer harsh and although he repulsed every caress yet it was with gentleness.,MWS
id06222,"It is indeed early,"" he continued, musingly, as a cherub with a heavy golden hammer made the apartment ring with the first hour after sunrise: ""It is indeed early but what matters it?",EAP
id08575,"These sounds were mingled with the roaring of the sea, the splash of the chafed billows round the vessel's sides, and the gurgling up of the water in the hold.",MWS
id24637,I had entered the brush grown cut and was struggling along at a very slow pace when that damnable fishy odour again waxed dominant.,HPL
id08691,"But I could discover, amidst all her repinings, deep resentment towards Raymond, and an unfading sense of injury, that plucked from me my hope, when I appeared nearest to its fulfilment.",MWS
id16351,"After all, what is it?",EAP
id04184,"He rode through the town, visiting the wounded, and giving such orders as were necessary for the siege he meditated.",MWS
id11506,"This box was three feet and a half long, three feet broad, and two and a half feet deep.",EAP
id17651,My every motion was undoubtedly watched.,EAP
id17399,"After that experience West had dropped his researches for some time; but as the zeal of the born scientist slowly returned, he again became importunate with the college faculty, pleading for the use of the dissecting room and of fresh human specimens for the work he regarded as so overwhelmingly important.",HPL
id25010,"Eternal night continued to envelop us, all unrelieved by the phosphoric sea brilliancy to which we had been accustomed in the tropics.",EAP
id17426,"""Shocking"" said the youth, calmly, and turned quietly into the chateau.",EAP
id20683,"This was not altogether the fact: but predominant self will assumed the arms and masque of callous feeling; and the haughty lady disdained to exhibit any token of the struggle she endured; while the slave of pride, she fancied that she sacrificed her happiness to immutable principle.",MWS
id18359,"The police have laid bare the floors, the ceilings, and the masonry of the walls, in every direction.",EAP
id11810,"Uprearing themselves in tall slender lines of light, they thus remained burning all pallid and motionless; and in the mirror which their lustre formed upon the round table of ebony at which we sat, each of us there assembled beheld the pallor of his own countenance, and the unquiet glare in the downcast eyes of his companions.",EAP
id14999,Evidently the ticket agent had not exaggerated the dislike which local people bore toward Innsmouth and its denizens.,HPL
id03864,"I was now in Holborn, and passed by a public house filled with uproarious companions, whose songs, laughter, and shouts were more sorrowful than the pale looks and silence of the mourner.",MWS
id27347,"If I were awake I should like to die, but now it is no matter.",EAP
id05564,"I rambled on, oppressed, distracted by painful emotions suddenly I found myself before Drury Lane Theatre.",MWS
id27054,"He supposes that, had this been the case, it might have appeared at the surface on the Wednesday, and thinks that only under such circumstances it could so have appeared.",EAP
id09646,"Then came the frenzied tones again: ""Carter, it's terrible monstrous unbelievable"" This time my voice did not fail me, and I poured into the transmitter a flood of excited questions.",HPL
id11380,"Excellent friend how sincerely you did love me, and endeavour to elevate my mind until it was on a level with your own.",MWS
id21281,"While in London these and many other dreadful thoughts too harrowing for words were my portion: I lost all this suffering when I was free; when I saw the wild heath around me, and the evening star in the west, then I could weep, gently weep, and be at peace.",MWS
id15493,"And yet, as the members severally shook their heads and confessed defeat at the Inspector's problem, there was one man in that gathering who suspected a touch of bizarre familiarity in the monstrous shape and writing, and who presently told with some diffidence of the odd trifle he knew.",HPL
id26916,"""What can I do?"" she cried, ""I am lost we are both for ever lost But come come with me, Lionel; here I must not stay, we can get a chaise at the nearest post house; yet perhaps we have time come, O come with me to save and protect me"" When I heard her piteous demands, while with disordered dress, dishevelled hair, and aghast looks, she wrung her hands the idea shot across me is she also mad? ""Sweet one,"" and I folded her to my heart, ""better repose than wander further; rest my beloved, I will make a fire you are chill.""",MWS
id07810,"My productions however were sufficiently unpretending; they were confined to the biography of favourite historical characters, especially those whom I believed to have been traduced, or about whom clung obscurity and doubt.",MWS
id24830,But I was enchanted by the appearance of the hut; here the snow and rain could not penetrate; the ground was dry; and it presented to me then as exquisite and divine a retreat as Pandemonium appeared to the demons of hell after their sufferings in the lake of fire.,MWS
